Luzian;Franzini;Zug;KR;3;LF_6123;0;Ökonom, Co-Generalsekretär VSS ;ledig;"https://twitter.com/luzian_franzini; https://www.instagram.com/luzian_franzini/; https://www.facebook.com/luzian.franzini";Kantonsrat Stadt Zug;"Vorstand Pro Velo Zug;Präsident Gewerkschaftsbund Kanton Zug;Vorstand VPOD Zug;Mitglied SAC Rossberg;Mitglied Letzibuzäli;Mitglied Benevol Zug";Klimaschutz, bezahlbarer Wohnraum, Gleichstellung: Für ein Zug, dass die Herausforderungen der nächsten Jahre anpackt.;1
Stéphanie;Vuichard;Zug;KR;5;SV_6626.psd;Ich setze mich für Umweltanliegen in der Politik ein, sowie für ein attraktives, bezahlbares und nachhaltiges Zug.;Umweltwissenschaftlerin;;https://www.facebook.com/stephanie.vuichard;"Kantonsrat;Parteipräsident";"Pfadi Kanton Zug;Swing Classic Big Band Cham;Pro Natura Zug";;1
Tabea;Zimmermann;Zug;KR;7;TZ_6113.psd;Ich will die Herausforderungen unserer Zeit wie den Klimawandel, die Chancengerechtigkeit und der soziale Zusammenhalt mit konkreten Schritten angehen - Zäme für Zuekunft.;Kantonsschullehrerin für Englisch, lic. phil. I;Verheiratet mit zwei Erwachsenen Söhnen;"https://twitter.com/TZimmermannG; https://www.instagram.com/tzimmermanng/; https://www.facebook.com/tabea.zimmermanngibson; www.tabeazimmermann.ch; ";"Präsidentin Grosser Gemeinderat Zug;Kantonsrätin;Fraktionschefin;Mitglied Grosser Gemeinderat Zug";"Präsidentin Nachbarschaftshilfe KISS Genossenschaft Zug;Stiftungsrat Stiftung Doku-Zug;Letzibuzäli Zunft;ad-hoc Mitglied Cham-Hünenberg Orchester und Orchester Kirchenchor Hünenberg";;1
Julia;Küng;Zug;KR;10;JK_6217.psd;Klima ohne Krise, dafür mit sozialer Gerechtigkeit. Handeln wir jetzt!;"Studentin Psychologie und Geschichte;Vize-Präsidentin GRÜNE Schweiz";;"https://www.instagram.com/kueng.julia/ ; https://twitter.com/julia_kueng?lang=en; https://www.facebook.com/julia.kung.182; https://www.linkedin.com/in/julia-k%C3%BCng-0999b9223/";"Co-Präsidentin Junge Grüne Schweiz;Vize-Präsidentin GRÜNE Schweiz;Vorstand Junge Alternative Zug";"Klimastreik Zug;feministisches Streikkollektiv Zug;Syndicom";;0
Delia;Meier;Zug;KR;11;DM_6189;Für ein ökologisches und solidarisches Zug!;"Studentin Chemie;Co-Präsidentin Junge Alternative Zug";;"https://www.instagram.com/meier.delia/; https://twitter.com/deliameier_";;Co-Präsidentin Zuger Transparenzinitiative;;0
Nicolas;Lemaitre;Zug;KR;12;NL_6014;Technologie hat erst dazu geführt, dass wir die planetaren Grenzen um ein vielfaches überschritten haben. Nun kann sie der Schlüssel sein, diese wieder einzuhalten, sodass auch künftige Generationen einen lebenswerten Lebensraum haben.;IT-Projektleiter;Verheiratet mit zwei Kindern;;;"Freiwillige Feuerwehr Zug;Tixi Zug";;0
Oria;Cudicio;Zug;KR;13;OC_6048;Mit Alternativen kommen wir weiter!;Lehrerin, Psychologin;2 Kinder;;Mitglied Schulkommission Zug;;;0
Florence;Hartmann;Zug;KR;14;FH_7792;Ich setzte mich ein für eine soziale und nachhaltige Stadt Zug, die lebenswert und bezahlbar für alle bleibt.;Finanzmarktanalystin;;https://www.instagram.com/florence.provence/;;Kassierin Orchester Cham-Hünenberg;;0
Magdalena;Carlen;Zug;KR;15;MC_6559;Ich möchte mich für eine klimafreundliche, feministische und soziale Politik einsetzten.;Pflegefachfrau HF;Verheiratet mit 3 Kindern;;;"Feministisches Frauenstreikkollektiv Zug;Pflegeausschuss Unia;Trachtenchor Zug;Pflegegruppe Zug Unia;Pflegedurchbruch";"Mir ist der Respekt vor der Natur, die Gleichstellung, die Gesundheit der Kinder und Jugendlichen, die Familie, das Gesundheitswesen, die Bezahlung von Care-Arbeit und die Selbstständigkeit von älteren Menschen und Menschen mit Beeinträchtigung wichtig.
I";0
Tekla;Hahin;Zug;KR;16;TH_7755;Mein Herz schlägt für die Gleichstellung und Toleranz anderen gegenüber.;Oberstufenlehrperson;;https://www.instagram.com/teklahahin/;;;Ein offenes Ohr und Empathie entschärft Konflikte und weckt die Neugier und Zuversicht auf kreative Lösungen.;0
Michele;Willimann;Zug;KR;17;MW_7884;0;Raumplanerin MSc ETH;;https://www.instagram.com/michele.willimann/;"Mitglied Grosser Gemeinderat Zug;Mitglied Bau- und Planungskommission Stadt Zug";Präsidentin Orchester Cham-Hünenberg;;1
Barbara;Huber;Zug;KR;18;BH_6829;Zug soll sich für soziale und wirtschaftliche Gleichberechtigung sowie Menschenrechte für alle einsetzten, hier und überall.;Bibliothekarin;;;;"Pro Natura Schweiz;Amnesty International;SAC Schweizer Alpenclub;SIKIM Schw. Institut für Kinder und Jugendmedien;Schweizer Heimatschutz";"Meine Heimatstadt Zug steht als wichtiger Wirtschaftsstandort dafür ein, dass soziale und wirtschaftliche Gleichberechtigung und die Menschenrechte für Alle gelten - hier und weltweit.
Mir ist es wichtig, dass wir umsichtig mit der Landschaft und den Baut";0
Natalie;Chiodi;Zug;KR;19;NC_5922;alternativ - grün - links (aber nicht radikal);Schulische Heilpädagogin;;;;"NETWORK ANTHROPIA;Redaktion BULLETIN der Alternativen - die Grünen Zug;Lehrer*innenverein;diverse Naturschutz- und Menschenrechtsorganisationen";;0
Andreas;Lustenberger;Baar;KR;1;AL_7009;"Das Klima hat keine Wahl, wir schon: Für ein ökologisches und soziales Baar mit bezahlbarem Wohnraum. 
";"Mitglied Geschäftsleitung Hilfswerk;Geograph MSc;Kaufmann";;"https://www.facebook.com/andreas.lustenberger; https://twitter.com/anlustenberger; https://www.linkedin.com/in/andreas-lustenberger-38a85a93";"Parteipräsident;Kantonsrat;Mitglied Begleitgruppe Ortsplanung Baar";"Vorstand Drogenforum Zug;SAC Rossberg;TSV Concordia Baar;Team Advantage Zug;Verein Frohes Alter Baar;Silverscout;VPOD;Erlebnis Eggberge ";;1
Ivo;Egger;Baar;KR;2;STM_20220712_IvoEgger_Large_003;Ich will, dass der Kanton Zug seinen Beitrag dazu steuert, damit unsere Lebensgrundlagen global nicht noch mehr gefährdet werden.;Umweltingenieur, Projektleiter;Verheiratet, 2 Kinder;"https://www.linkedin.com/in/ivo-egger-b4ba14b8/; https://www.facebook.com/ivo.egger";"Mitglied Hochbaukommission;Gesundheitskommission;adHoc-Kommission Teilrevision Energiegesetz";"Verkehrsclub Schweiz;Pro Velo Zug";Meine bisherigen vier Jahre als Kantonsrat waren vielseitig und spannend. Ich selbst konnte beispielsweise bewirken, dass die kantonalen Hochbauten künftig klimaneutral betrieben werden. Damit der Umweltschutz weiterhin nicht vergessen geht, braucht die A;1
Malena;Raud;Baar;KR;3;MR_7045;Für die Nachhaltigkeit im ökologischen, ökonomischen wie auch sozialen Aspekt;Laborantin EFZ Fachrichtung Chemie;;https://www.instagram.com/malena.raud/;;"Reitverein Lorze;Paraplegikerverein";;0
Mariana;Glarner-Polyakova;Baar;KR;4;MG_7035;Für erfolgversprechende Betreuungsqualität durch gerechte Arbeitsbedingungen und faire Löhne und für bezahlbare Kinderbetreuungsplätze zum Vorteil der ganzen Familie. ;"Musikpädagogin;Krippenleiterin;Berufsbildnerin";Verheiratet mit 1 Sohn;;;Als Krippenleiterin übernehme ich im Rahmen der Öffentlichkeitsarbeit der Institution zugeteilte Aufgaben und vertrette den Beruf FaBe überzeugend nach aussen.  ;"Als Krippenleiterin bin ich gewöhnt ein Team zu führen. 
Als Berufsbildnerin begleite und bilde die jungen Leute in ihrer Berufslehre aus. 
Als Prüfungsexpertin habe ich die Aufgabe die Kandidaten fair zu prüfen und zu bewerten. Als Musikpädagogin bringe ";0
Florian;Erni;Baar;KR;5;FE_7173;Es muss sich lohnen, klimafreundlich zu handeln. ;Sekundarschullehrer, Unternehmer;Verheiratet mit zwei Kindern ;https://www.instagram.com/florian.erni/;Vorstand ALG Stadt Zug;"Vorstand Judo & Ju-Jitsu Club Kiai Cham;Schweizerischer Judo & Ju-Jitsu Verband;OK-Präsident JJJC Kiai Cham für das Villette Fäscht";;0
Evi;Binkert;Baar;KR;6;EB_6552-bearbeitet;Vereine und Treffpunkte für jung und alt bedeuten starke Eckpfeiler für den Zusammenhalt in Gemeinde und Kanton. ;"Primarlehrerin;Deutschlehrerin für Fremdsprachige";Verheiratet mit 2 Kindern;;;Chor;Die Familie ist mir wichtig. Ich pflege den Familienzusammenhalt. Mit Freude singe ich im Chor Zuger Singlüüt. Im Lesezirkel der Bibliothek Baar treffe ich mich mit Gleichgesinnten. Gerne bin ich zu Fuss und mit dem Velo unterwegs. Oder mache ab mit Freun;0
Simon;Uster;Baar;KR;7;SU_7124;Wirtschaft und Sicherheit sind grüne Themen, besonders heutzutage (noch nicht ganz sicher, ob dieser Slogan, werde mich noch melden. Was meinst du?);"Jus-Student; Kaufmann";;https://www.instagram.com/chnuspi.jr/;Stimm- und Urnenbüro Baar;"Vorstand SLRG Zug;Vorstand und Abteilungsleiter Pfadi Baar;Vorstand und Kassier ALG Baar;Infanterie Zugführer Inf Bat 20";sonstige Bemerkung: Formular Zuger Zeitung gemäss Anna Lustenberger noch nicht ausgefüllt.;0
Gurbetelli;Yener;Baar;KR;8;GY_7079;Es müssen dringend Taten für die Lohn- und Chancengleichheit im Kanton Zug erfolgen.;"Konstrukteurin EFZ;Studentin Wirtschaftsingenieurwesen";;"https://www.instagram.com/gurbetelli.y/; https://www.facebook.com/gurbetelli.yener";"Vorstand ALG Baar;Co-Präsidentin Junge Alternative Zug";;;0
Vivienne;Hanke;Baar;KR;9;VH_7188;Mir ist der Schutz unserer Natur, Aufrechterhaltung und Pflege der Artenvielfalt sehr wichtig. So vieles wird zerstört, da sehe ich es als unsere Pflicht, das zu schützen und fördern was bedroht ist. ;Laborantin Fachrichtung Biologie;;;"Mitglied Stimm- und Urnenbüro Baar;Vorstand Junge Grüne Schweiz;Vorstand ALG Baar ;Vorstand Junge Alternative";Mitglied SVIAL;;0
Anja ;Moczko;Baar;KR;10;AM_7218;Für ein zugängliches und bezahlbares Gesundheitssystem mit fairen Arbeitsbedingungen;"Assistenzärztin Pädiatrie ;Ärztin in der Weiterbildung Kinder- und Jugendmedizin ";;"https://www.instagram.com/an.ja.ma.ria/; https://www.facebook.com/anja.moczko";;;;0
Esther;Haas;Cham;KR;1;Esther Haas 08004;Für eine offene Gesellschat, die um ihre Werte weiss und sie auch lebt.;pensionierte Berufsfachschullehrperson;Vier erwachsene Kinder;https://www.instagram.com/estherhaas26/;"Kantonsratspräsidentin;Kantonsrätin";"KISS Cham;Turnverein Cham;Verein Langhuus;Fotoclub Baar-Inwil;FC Basel 1893";" „Der Wert eines Dialogs hängt vor allem von der Vielfalt der konkurrierenden Meinungen ab.“ (Karl Raimund Popper). Als Kantonsratspräsidentin darf ich seit eineinhalb Jahren erfahren, wie bereichernd vielfältige Gespräche und Begegnungen sind.

";1
Anne;Hänel;Cham;KR;3;DSC_8031;Ich setze mich ein für nachhaltige Gebäudesanierungen, erneuerbare Energien, eine fossilfreie Mobilität und für einen sorgsamen Umgang mit unseren Ressourcen.;Holzingenieurin;Verheiratet;"https://www.facebook.com/annemarie.hanel.94; https://twitter.com/HaenelAnne";Mitglied Planungskommission Cham;Public Eye;Gegen die Klimakrise helfen nur grundlegende Veränderungen – packen wir sie gemeinsam an!;0
Linus;Heim;Cham;KR;5;DSC_7988;Ich stehe für soziale Gerechtigkeit und Nachhaltigkeit.;Student;;https://www.instagram.com/linus.heim95/;;Unihockeyverein;;0
Frederic;Möri;Cham;KR;7;DSC_8058;Mir ist es wichtig, dass wir den Klimawandel und die soziale Ungleichheit nicht verschlimmern, sondern aktiv dagegen antreten, um die Welt für alle lebenswerter zu gestalten. ;Student;;https://www.instagram.com/fredericmoeri/;;;;0
Fabienne;Rigert;Cham;KR;9;DSC_8063;Die Klimakrise soll entlich als Krise behandelt werden.;Studentin;;https://www.instagram.com/gitzeine/;Sekretärin ALG Zug;Sea Shepherd;;0
Vera;Steinmann;Cham;KR;11;DSC_7620;Ich stehe ein für gleiche Chancen für alle und eine lebenswerte Zukunft auf unserem Planeten;Studentin Fine Arts;;https://www.instagram.com/steroidvera/;Vorstand Junge Alternative Zug;"Jubla Cham;Jugendförderungskomission Cham";;0
Hanni;Schriber-Neiger;Risch;KR;1;DSC_4308;Die Förderung von ÖV, Velo- und Fussverkehr bedeutet Lebensqualität für jedes Dorf.;"Typographin;Gemeindeweibelin Risch";Verheiratet mit 4 Kindern;;Kantonsrätin;"Pro Natura;Frauengemeinschaft Rotkreuz;Trachtengruppe Merenschwand;KISS Cham";Engagements in verschiedenen Fach-Kommissionen im Kanton Zug und Gemeinde Risch wie z. B. Raumplanung, Hochbau, Verkehr, Energie und Umwelt.;1
Livia;Engel;Risch;KR;3;LE5625;Ich möchte mich in der Politik für mehr Klimaschutz, Vielfalt und Gemeinschaft stark machen.;Studentin;;"https://www.instagram.com/liviajudith.engel/; https://www.facebook.com/profile.php?id=100009745566822";;;;0
Patricia;Gasser;Risch;KR;5;PG5681;Stärken der Familien, transparente Entscheide und ein starker Fokus auf Nachhaltigkeit.;Qualitätsingenieur;Verheiratet mit 2 Kindern;https://www.linkedin.com/in/patricia-gasser-doll-005b2ab6;;;;0
Konradin;Franzini;Risch;KR;6;DSC_4234;Für eine echte Zuger Willkommenskultur, die Menschen statt steuerflüchtige Konzerne meint.;"Kaufmann EFZ;Student Politikwissenschaft und Geschichte";;"https://www.facebook.com/konradin.franzini; https://twitter.com/konradin_f; https://www.instagram.com/koni_98/; https://www.linkedin.com/in/konradin-franzini-a79977129/";"Vize-Präsident Grüne Risch-Rotkreuz;Vorstand Alternative - die Grünen Kanton Zug;Vorstand Junge Alternative Zug;Co-Präsident Junge Alternative Zug";"Klimastreik Zug;vpod Zug";;0
Nerina;Itin;Risch;KR;7;NI5719;Ich setze mich für eine nachhaltige Entwicklung ein, die an der Schnittstelle zwischen Mensch und Umwelt ansetzt.;Umweltingenieurin;;https://www.facebook.com/nerinacitin;Vorstandsmitglied Grüne Risch-Rotkreuz;Förderungsverein Pfadiabteilung Chopfholz;;0
Rita;Hofer;Hünenberg;KR;1;DSC_7008;Bezahlbarer Wohnraum für alle Altersgruppen, Soziale Verantwortung in der Wirtschaft und Gesellschaft heisst fairer Handel und soziale Gerechtigkeit, eine starke Bildung, die an der Chancengerechtigkeit festhält, ;Fachlehrperson TW/HW;Verheiratet, erwachsene Tochter und Sohn;;"Kantonsrätin;Präsidentin der Kommission Gesundheit und Soziales;Mitglied der Bildungskommission";"Co-Präsidentin Grünes Forum Hünenberg,;Präsidentin von KISS Hünenberg;Mitglied Lehrerverein Zug LVZ";;1
Martin;Affentranger;Hünenberg;KR;3;;Weil in der Welt der Mensch und die Umwelt zusammen gehören, kann der Mensch nur mit und nicht gegen die Natur überleben. Als Apotheker ist es mir wichtig, die Gesundheit der Menschen und auch der Natur zu erhalten.;Apotheker;2 Kinder;https://www.linkedin.com/in/martinaffentranger;"Präsident Zuger Apotheken;Delegierter Pharmasuisse";"IG Langhuus;Präsident Verein Zuger Apotheken ;Delegierter Pharmasuisse;Gewerbeverband (Präsidentenkonferenz)";;0
Reto;Planzer;Hünenberg;KR;4;DSC_6700-2;Nachhaltige lokale Begegnungs- und Bewegungsmöglichkeiten, zugänglich für alle.;Fachperson für Sport & Ausbildner ;Verheiratet;https://www.linkedin.com/in/reto-planzer-zimmerli-09753591;;"Behindertensportverband;Tennisclub ";;0
Viola;Buchmann;Hünenberg;KR;5;DSC_6764-2;Ich setze mich ein für eine Gesellschaft, an der alle gleichberechtigt teilhaben können.;Heilpädagogin;Verheiratet mit 2 Töchtern;;Mitglied Schulkommission;Verein buk (Bildung für Unterstützte Kommunikation);;0
Anastas;Odermatt;Steinhausen;KR;1;AO_6446;Ehrlichkeit, Interesse und Engagement - für eine offene, nachhaltige und solidarische Gesellschaft;Religionssoziologe an der Universität Luzern;Verheiratet mit 3 Kindern;"https://www.facebook.com/anastas.odermatt; https://twitter.com/anastasodermatt";"Kantonsrat;Vorstandsmitglied Grüne Steinhausen";"Begleitgruppe Jugend Steinhausen;Stiftung pro jungwacht blauring;Jungwacht Blauring;Guggemusig Steischränzer;Samichlausgesellschaft Steinhausen;Allianz Gleichwürdig Katholisch;pro natura;Zuger Wanderwege;VCS Verkehrs-Club der Schweiz;SRG Zug;Turnverein St";;1
Beni;Wattenhofer;Steinhausen;KR;3;BW_6476;Faires Miteinander und eine lebenswerte Zukunft für alle, statt kurzfristige Gewinne für wenige.;Software-Projektleiter bei Mobility Carsharing Genossenschaft;Verheiratet;;Mitglied Energiefachkommission Steinhausen;"Guggemusig Steischränzer Steinhausen;Lagerkoch für Jungwacht Steinhausen;Finanzen für Waldstock Openair, ";;0
Katharina;Jans;Steinhausen;KR;5;KJ_6475;Ich möchte mich für einen ressourcenschonenden und nachhaltigen Wandel im Kanton zu einsetzten, da mir die Zukunft unserer Kinder und unserer Umwelt am Herzen liegt.;"Master Umwelt und Natürliche Ressourcen ZHAW;Schulbesucherin beim WWF Zentralschweiz;Service Krone Sihlbrugg";;;Stimmenzählerin;"Ehemaligenverein Jungwacht und Blauring Steinhausen;Catering Verantwortliche des Waldstock Openair Spektakels";;0
Marianne;Aeppli;Menzingen;KR;1;MA_7836;Zug, ein kleiner Kanton mit grosser Vielfalt, städtisch und ländlich, diese Qualität schätze ich: Mit Respekt vor Gewachsenem die Vielfalt fördern.;0;3 Kinder;;"Kantonale Kommission zur Förderung der Kultur Kanton Zug;Finanzkommission Menzingen";"Co-Präsidentin jumpps (Jungen- und Mädchenpädagogik, Projekte für Schulen, CH);Präsidentin Alternative – die Grünen Menzingen;Mitglied Kerngruppe IG Mitänand;Mitglied Finanzkommission Menzingen;Mitglied Kantonale Kulturkommission Zug;Vereins- und Verbands";;0
Andy;Iten;Oberägeri;KR;1;DSC06998;"Oberägeri braucht bezahlbaren Wohnraum.
Meine Politik steht für bezahlbarer Wohnraum, ganzheitliche Familienpolitik und einer nachhaltigen Wirtschaft.";Sozialpädagoge HF;;https://www.instagram.com/gassenpoet/;;"Lagerleiter Jugendfriizyt Oberägeri;Fasnacht Oberägeri (Legorenrat);Zebrafant (Poetry Slam Verein Zug)";Schreibe Gedichte und mache Poetry Slam, Aktiver Fasnächtler in Oberägeri;0
Paul;Iten;Oberägeri;KR;3;DSC06984;Der Kanton Zug und Oberägeri sollen ein Lebensraum für alle Bevölkerungsschichten bleiben.;0;;;"Präsident Kantonaler Konferenz Langzeitpflege;Stiftungsrat Sonderschule SchuLpLus Oberägeri";;;0
Trix;Gubser;Unterägeri;KR;1;TG1;Klimaschutz und Förderung der Biodiversität sind die wichtigsten Themen, denen wir uns als Gesellschaft stellen müssen - doch jeder Einzelne kann und muss einen Beitrag leisten ! ;Sozialarbeiterin FH;Verheiratet mit 3 Kindern;https://www.facebook.com/trix.gubser;Mitglied Gesundheits- und Umweltkommission Unterägeri ;"Präsidentin Jugendprojekt Midnight sports ägeri;Vizepräsidentin Verein Hilfe für Las Granjas- Kinderheim in Kolumbien;Präsidentin Kirchenkonzertkommission Menzingen;Präsidentin Hundeverein Aegerital;Präsidentin Hundeverein für Streuner in Griechenland";"Stell dir vor, die Existenzgrundlage von Millionen Menschen und Tieren ist bedroht und alle erklären sich solidarisch und versuchen die Probleme gemeinsam zu lösen! 
Eine Vision?  Doch es wäre möglich, aber wir müssen handeln -   JETZT!
•	Klimaschutz / Fö";0
Beat;Ryser;Unterägeri;KR;3;BR1;"Ich setze mich für unsere Lebensgrundlagen ein; Boden, Wasser, Luft und Biodiversität. ";Dipl. Ingenieur Agronom ETH;Verheiratet mit zwei Kindern ;https://www.facebook.com/beat.ryser.5;;;;0
Fabian;Gubser;Unterägeri;KR;5;FG_6654;Konstruktive, transparente und nachhaltige Lösungen.;"Freier Journalist FH;Student";;;;"Vorstand Midnight sports ägeri;Mitglied Syndicom";Ich war aktiv in der Jugendmusik Ägerital, dem Klarinettenensemble Unterägeri, beim Aufbau und Betrieb des Jugendpub Pii und ebenso aktiv im Generationentreff Ägerital.;0
Andreas;Kretz;Walchwil;KR;1;AK_7888;Für mich ist Klimaschutz eine Herzensangelegenheit. ;Sachbearbeiter Steuern ;ledig ;https://www.facebook.com/andreas.kretz.5/;;"Musikgesellschaft Walchwil;Vorstandsmitglied Gewerkschaftsbund Zug ";;0
Delia;Meier;Zug;GR;1;DM_6189;Für ein ökologisches und solidarisches Zug!;"Studentin Chemie;Co-Präsidentin Junge Alternative Zug";;"https://www.instagram.com/meier.delia/; https://twitter.com/deliameier_";;Co-Präsidentin Zuger Transparenzinitiative;;0
Julia;Küng;Zug;GR;7;JK_6217;Klima ohne Krise, dafür mit sozialer Gerechtigkeit. Handeln wir jetzt!;"Studentin Psychologie und Geschichte;Vize-Präsidentin GRÜNE Schweiz";;"https://www.instagram.com/kueng.julia/ ; https://twitter.com/julia_kueng?lang=en; https://www.facebook.com/julia.kung.182; https://www.linkedin.com/in/julia-k%C3%BCng-0999b9223/";"Co-Präsidentin Junge Grüne Schweiz;Vize-Präsidentin GRÜNE Schweiz;Vorstand Junge Alternative Zug";"Klimastreik Zug;feministisches Streikkollektiv Zug;Syndicom";;0
Michele;Willimann;Zug;GR;9;MW_7884;0;Raumplanerin MSc ETH;;https://www.instagram.com/michele.willimann/;"Mitglied Grosser Gemeinderat Zug;Mitglied Bau- und Planungskommission Stadt Zug";Präsidentin Orchester Cham-Hünenberg;;1
Patrick;Steinle;Zug;GR;13;PS_5953;Es gibt kein richtiges Leben im falschen - schaffen wir die Voraussetzungen für eine nachhaltige Gesellschaft!;Laborleiter;Verheiratet mit 3 Kindern;https://www.instagram.com/polit.patrick/;Mitglied Grosser Gemeinderat Zug;"ProVelo;Guggenmusik;Kanu-Club";;1
Dagmar;Amrein;Zug;GR;15;DA_7729;Ich setze mich dafür ein, dass Zug weitsichtige Entscheide trifft und auch im Bereich Nachhaltigkeit führend wird. Wir haben alles dazu, was es braucht. Tun wir es!;Schulische Heilpädagogin;Zwei Kinder;;Mitglied Grosser Gemeinderat Zug;"Chor Cantori Contenti;SAC";Nebst den umweltpolitischen Anliegen ist mir die Kultur und die Sozial-Politik wichtig. Für gute Lösungen braucht es alle, Menschen jeden Alters, aus verschiedenen Schichten und mit unterschiedlichem Hintergrund. Dies ist ein Reichtum. Lasst uns die Weich;1
Stefan;Hodel;Zug;GR;17;SH_6001;Ich setze mich ein für eine lebenswerte Welt, mit meinem Handeln im Alltag, aber auch als Mitglied des Stadtparlamentes.;Sozialarbeiter;Verheiratet mit 3 Kindern;;Mitglied Grosser Gemeinderat Zug ;"Nachbarschaft Oberwil-Gimenen;SAC;OLV Zug;Klausengruppe Oberwil";;1
Gabriela;Fürrer;Zug;GR;21;GF_7803;Mir ist es wichtig, dass es in der Stadt Zug Perspektiven und erschwinglichen Wohnraum für alle Einwohner*innen gibt, damit auch die Jungen, die Handwerker*innen, das Pflegepersonal, die Renter*innen, die von AHV und Pensionskasse leben etc. hier wohnen b;Dozentin Pädagogik/Didaktik/Psychologie Pädagogische Hochschule Luzern;Verheiratet mit 3 Kindern;https://www.linkedin.com/in/gabriela-f%C3%BCrrer-183741b3/;Mitglied der Bildungskommission der Stadt Zug;"SAC Rossberg;Pro Velo Zug;Vorstand Wegunterhaltsgesellschaft Weissenboden-Ruogig (Schächental);Jodelchor PHLU;Veteranin Pfadi Stadt Zug;VCS;Terre des femmes;Sozialwerke Pfarrer Sieber;Frauen Solarprojekt Nicaragua";;0
Magdalena;Carlen;Zug;GR;23;MC_6559;Ich möchte mich für eine klimafreundliche, feministische und soziale Politik einsetzten.;Pflegefachfrau HF;Verheiratet mit 3 Kindern;;;"Feministisches Frauenstreikkollektiv Zug;Pflegeausschuss Unia;Trachtenchor Zug;Pflegegruppe Zug Unia;Pflegedurchbruch";"Mir ist der Respekt vor der Natur, die Gleichstellung, die Gesundheit der Kinder und Jugendlichen, die Familie, das Gesundheitswesen, die Bezahlung von Care-Arbeit und die Selbstständigkeit von älteren Menschen und Menschen mit Beeinträchtigung wichtig.
I";0
Florence;Hartmann;Zug;GR;25;FH_7792;Ich setzte mich ein für eine soziale und nachhaltige Stadt Zug, die lebenswert und bezahlbar für alle bleibt.;Finanzmarktanalystin;;https://www.instagram.com/florence.provence/;;Kassierin Orchester Cham-Hünenberg;;0
Johanna;Thommen;Zug;GR;31;JT_7356;Umdenken, wenn nicht jetzt, wann dann? ;Pflegefachfrau HF;1 Tochter;;"Vorstand insieme-cerebral Zug;Stiftungsrat Stiftung Maihof;PeKo Mitglied Zuger Kantonsspital";"SBK;clapappella bodymusic";;0
Luzian;Franzini;Zug;GR;32;LF_6158;0;Ökonom, Co-Generalsekretär VSS ;ledig;"https://twitter.com/luzian_franzini; https://www.instagram.com/luzian_franzini/; https://www.facebook.com/luzian.franzini";Kantonsrat Stadt Zug;"Vorstand Pro Velo Zug;Präsident Gewerkschaftsbund Kanton Zug;Vorstand VPOD Zug;Mitglied SAC Rossberg;Mitglied Letzibuzäli;Mitglied Benevol Zug";Klimaschutz, bezahlbarer Wohnraum, Gleichstellung: Für ein Zug, dass die Herausforderungen der nächsten Jahre anpackt.;0
Oria;Cudicio;Zug;GR;33;OC_6048;Mit Alternativen kommen wir weiter!;Lehrerin, Psychologin;2 Kinder;;Mitglied Schulkommission Zug;;;0
Tekla;Hahin;Zug;GR;36;TH_7755;Mein Herz schlägt für die Gleichstellung und Toleranz anderen gegenüber.;Oberstufenlehrperson;;https://www.instagram.com/teklahahin/;;;Ein offenes Ohr und Empathie entschärft Konflikte und weckt die Neugier und Zuversicht auf kreative Lösungen.;0
Natalie;Chiodi;Zug;GR;37;NC_5922;alternativ - grün - links (aber nicht radikal);Schulische Heilpädagogin;;;;"NETWORK ANTHROPIA;Redaktion BULLETIN der Alternativen - die Grünen Zug;Lehrer*innenverein;diverse Naturschutz- und Menschenrechtsorganisationen";;0
Isabelle;Lemaitre;Zug;GR;38;IL_5891;Für eine nachhaltige Entwicklung, damit auch künftige Generationen unsere Welt geniessen können. ;Product & Key Account Manager (Marketing & Sales);Verheiratet mit 2 Kindern;;;;;0
Ursula;Hotz;Zug;GR;39;UH_6854;Mit meiner Kandidatur für die Grünen, unterstütze ich die Partei welche mir am nächsten steht.;Sozialpädagogin;;;;Imkerverein Zug;;0
Stéphanie;Vuichard;Zug;GR;40;SV_6626.psd;Ich setze mich für Umweltanliegen in der Politik ein, sowie für ein attraktives, bezahlbares und nachhaltiges Zug.;Umweltwissenschaftlerin;;https://www.facebook.com/stephanie.vuichard;"Kantonsrat;Parteipräsident";"Pfadi Kanton Zug;Swing Classic Big Band Cham;Pro Natura Zug";;0
Andre;Guntern;Baar;GR;;AG_6940/AG_6933;Ich setze mich ein für eine Siedlungs- und Verkehrsentwicklung, die nachhaltig ist und Rücksicht auf Mensch und Umwelt nimmt;"Forstingenieur ETH;Raumplaner ETH/NDS";Verheiratet;https://www.facebook.com/profile.php?id=100071332153475;"Planungskommission Baar;Begleitgremium Ortsplanung Baar;Präsident Alternative - die Grünen Baar";"Präsident von Pro Natura Zug;Klarinettist in der Stadtmusik Zug;Mitglied der kantonalen Natur- und Landschaftsschutzkommission;Mitglied des Fondbeirats des Lorzenstromfonds der WWZ;Mitglied der ökologischen Begleitgruppe der Kiesgruppe Bethlehem der KIBAG";siehe  www.andreguntern.ch;0
Livia;Engel;Risch;GR;;LE5625;Ich möchte mich in der Politik für mehr Klimaschutz, Vielfalt und Gemeinschaft stark machen.;Studentin;;"https://www.instagram.com/liviajudith.engel/; https://www.facebook.com/profile.php?id=100009745566822";;;;0
Alexia;Renner;Hünenberg;GR;;DSC_6880-2;Ich stehe für gleichwertigen, offenen Diskurs, die Orientierung am Gemeinwohl mit besonderem Augenmerk auf weniger privilegierte Mitglieder der Gesellschaft und die Sorge um unsere Umwelt.;Rechtsanwältin & Mediatorin SAV;;;;"Turnverein Hünenberg;Gospelchor Get up and sing;ELG (Eltern-Lehrer-Gruppe) Hünenberg;SAV (Schweizerischer Anwaltsverband);Verein Mediation Zug";Meine Leidenschaft sind meine Familie, mein Garten, die Astronomie, das Kochen und generell das Erlernen und Erfahren von Neuem. Als Ausgleich treibe ich Sport.;0
Christoph;Zumbühl;Steinhausen;GR;1;Christoph Zumbühl  Ausschnitt 07453;Wir sind alles Mitmenschen, mit gleichen Rechten und Pflichten;Gemeinderat Steinhausen;Verheiratet mit 2 Töchtern;https://www.linkedin.com/in/christoph-zumbuehl-13387716/;Gemeinderat Steinhausen;"Pro Natura;RK - Blutspende;Jubla Schweiz;centro picante ";;1
Andreas;Hürlimann;Steinhausen;GR;2;kAndy Hürlimann  07107;Mit voller Kraft und Engagement werde ich mich für Steinhausen einsetzen. Als möglicher Gemeindepräsident will ich über die Parteigrenzen hinweg zusammenarbeiten. Gemeinsam Lösungen zu finden ist die wichtigste Aufgabe der Politik.;"Betriebsökonom FH;Portfoliomanager Baurdirektion Kt. Zürich";Verheiratet mit 2 Söhnen;https://www.facebook.com/andreashuerlimann;"Kantonsrat (seit 2006);Mitglied der engeren Staatswirtschaftskommission";"Präsident der Wohnbaugenossenschaft Steinhausen;Präsident DFZ Drogenforum Zug;Vorstand Pro Bahn Zentralschweiz;Beirat Bildxzug";Mein bisheriges Engagement für den Kanton Zug und meine Gemeinde hat sich nicht an Ideologien orientiert. Deshalb werde ich auch als Gemeinderat und Gemeindepräsident über die Parteigrenzen hinweg mit Partnerinnen und Partnern zusammenarbeiten für eine na;1
Laura;Marty-Iten;Oberägeri;GR;;DSC06988;"Von einer intakten Umwelt profitieren wir alle.
Für eine Politik, die in die Zukunft denkt. Für ein enkeltaugliches Oberägeri.";Landwirtin, Agronomin und Mutter;Verheiratet mit zwei Kindern ;;;"Schulkommission;Feuerwehr";;0
Antonia;Durisch;Unterägeri;GR;;AD1;Ich setze mich für den Einklang von Natur, wirtschaftlicher Attraktivität und schlauer Raumplanung ein, indem ich meinen Fokus auf innovativen Fortschritt, Fairness für Mensch und Tier, sowohl gesellschaftlicher Inklusion und Kooperation lege. ;"Ökonomin;Sachbearbeiterin Finanz- und Rechnungswesen;Kauffrau;Projekt Management Associate";Verheiratet;"https://www.instagram.com/kayylanty/; https://www.facebook.com/AntoniaMartinaDurisch";;"Vorstand Grüne Unterägeri;Verwaltungsrätin AC Attractive Corporation AG;2 Kampfkunst Clubs (CKM und Escrima)";;0
Tabea;Zimmermann;Zug;GR;7;TZ_6113.psd;Ich will die Herausforderungen unserer Zeit wie den Klimawandel, die Chancengerechtigkeit und der soziale Zusammenhalt mit konkreten Schritten angehen - Zäme für Zuekunft.;Kantonsschullehrerin für Englisch, lic. phil. I;Verheiratet mit zwei Erwachsenen Söhnen;"https://twitter.com/TZimmermannG; https://www.instagram.com/tzimmermanng/; https://www.facebook.com/tabea.zimmermanngibson; www.tabeazimmermann.ch; ";"Präsidentin Grosser Gemeinderat Zug;Kantonsrätin;Fraktionschefin;Mitglied Grosser Gemeinderat Zug";"Präsidentin Nachbarschaftshilfe KISS Genossenschaft Zug;Stiftungsrat Stiftung Doku-Zug;Letzibuzäli Zunft;ad-hoc Mitglied Cham-Hünenberg Orchester und Orchester Kirchenchor Hünenberg";;1
